t,x,y,theta
0.000000,0.000069139,0.000444992,-0.000697189
0.000000,0.000069955,0.000450974,-0.000715892
0.000000,0.000071084,0.000457632,-0.000715359
0.100000,0.000654076,0.000460793,-0.000694615
0.100000,0.002508955,0.000455439,-0.000736641
0.100000,0.005308233,0.000453446,-0.000736206
0.100000,0.008632901,0.000450981,-0.000736396
0.100000,0.012251453,0.000448308,-0.000736500
0.200000,0.016035241,0.000445517,-0.000736573
0.200000,0.019912346,0.000442666,-0.000736582
0.200000,0.023842323,0.000439777,-0.000736581
0.200000,0.027802346,0.000436864,-0.000736588
0.200000,0.031779476,0.000433936,-0.000736612
0.300000,0.035766375,0.000431001,-0.000736634
0.300000,0.039758863,0.000428062,-0.000736653
0.300000,0.043754551,0.000425120,-0.000736670
0.300000,0.047752071,0.000422177,-0.000736685
0.300000,0.051750641,0.000419233,-0.000736699
0.400000,0.055749814,0.000416288,-0.000736711
0.400000,0.059749333,0.000413343,-0.000736722
0.400000,0.063749050,0.000410398,-0.000736732
0.400000,0.067748884,0.000407452,-0.000736741
0.400000,0.071748785,0.000404506,-0.000736750
0.500000,0.075748727,0.000401560,-0.000736759
0.500000,0.079748694,0.000398614,-0.000736768
0.500000,0.083748677,0.000395668,-0.000736777
0.500000,0.087748672,0.000392722,-0.000736786
0.500000,0.091748674,0.000389775,-0.000736795
0.600000,0.095748682,0.000386829,-0.000736805
0.600000,0.099748695,0.000383883,-0.000736814
0.600000,0.103748710,0.000380936,-0.000736825
0.600000,0.107748729,0.000377990,-0.000736835
0.600000,0.111748749,0.000375044,-0.000736846
0.700000,0.115748769,0.000372097,-0.000736857
0.700000,0.119748791,0.000369151,-0.000736869
0.700000,0.123748812,0.000366205,-0.000736880
0.700000,0.127748833,0.000363259,-0.000736892
0.700000,0.131748853,0.000360313,-0.000736904
0.800000,0.135748872,0.000357367,-0.000736917
0.800000,0.139748891,0.000354421,-0.000736930
0.800000,0.143748907,0.000351475,-0.000736943
0.800000,0.147748923,0.000348529,-0.000736957
0.800000,0.151748937,0.000345584,-0.000736971
0.900000,0.155748950,0.000342639,-0.000736985
0.900000,0.159748962,0.000339693,-0.000737000
0.900000,0.163748972,0.000336748,-0.000737016
0.900000,0.167748982,0.000333804,-0.000737031
0.900000,0.171748991,0.000330859,-0.000737047
1.000000,0.175748999,0.000327914,-0.000737062
1.000000,0.179749006,0.000324970,-0.000737078
1.000000,0.183749013,0.000322026,-0.000737093
1.000000,0.187749019,0.000319082,-0.000737108
1.000000,0.191749025,0.000316138,-0.000737122
1.100000,0.195749031,0.000313194,-0.000737135
1.100000,0.199749037,0.000310251,-0.000737147
1.100000,0.203749043,0.000307308,-0.000737158
1.100000,0.207749050,0.000304364,-0.000737167
1.100000,0.211749056,0.000301421,-0.000737176
1.200000,0.215749063,0.000298478,-0.000737183
1.200000,0.219749070,0.000295535,-0.000737189
1.200000,0.223749078,0.000292593,-0.000737193
1.200000,0.227749086,0.000289650,-0.000737198
1.200000,0.231749094,0.000286707,-0.000737201
1.300000,0.235749103,0.000283764,-0.000737204
1.300000,0.239749112,0.000280821,-0.000737208
1.300000,0.243749121,0.000277879,-0.000737211
1.300000,0.247749130,0.000274936,-0.000737214
1.300000,0.251749139,0.000271992,-0.000737219
1.400000,0.255749149,0.000269049,-0.000737223
1.400000,0.259749158,0.000266105,-0.000737229
1.400000,0.263749167,0.000263162,-0.000737235
1.400000,0.267749177,0.000260217,-0.000737242
1.400000,0.271749144,0.000248333,-0.000751741
1.500000,0.275750495,0.000249859,-0.000730194
1.500000,0.279751320,0.000246511,-0.000733396
1.500000,0.283751844,0.000243120,-0.000736648
1.500000,0.287752124,0.000239856,-0.000738939
1.500000,0.291752276,0.000236698,-0.000740423
1.600000,0.295752234,0.000232541,-0.000747746
1.600000,0.299752846,0.000229390,-0.000703795
1.600000,0.303755143,0.000229220,-0.000729425
1.600000,0.307756086,0.000230245,-0.000718129
1.600000,0.311757728,0.000224968,-0.000730348
1.700000,0.315761001,0.000222739,-0.000708717
1.700000,0.319761257,0.000215077,-0.000654123
1.700000,0.323762455,0.000214093,-0.000681517
1.700000,0.327763510,0.000211742,-0.000660089
1.700000,0.331765162,0.000201794,-0.000638838
1.800000,0.335765665,0.000196896,-0.000628992
1.800000,0.339766731,0.000194098,-0.000643742
1.800000,0.343767440,0.000195044,-0.000610312
1.800000,0.347767581,0.000196325,-0.000610687
1.800000,0.351768748,0.000192859,-0.000620077
1.900000,0.355770313,0.000185353,-0.000582998
1.900000,0.359771492,0.000181452,-0.000607900
1.900000,0.363772363,0.000178960,-0.000608126
1.900000,0.367772784,0.000175603,-0.000614773
1.900000,0.371773041,0.000172974,-0.000615805
2.000000,0.375772613,0.000169901,-0.000631139
2.000000,0.379774459,0.000159510,-0.000662588
2.000000,0.383776272,0.000153304,-0.000669501
2.000000,0.387779566,0.000151374,-0.000684670
2.000000,0.391783959,0.000151883,-0.000683768
2.100000,0.395785899,0.000147897,-0.000685367
2.100000,0.399786859,0.000145357,-0.000683851
2.100000,0.403787315,0.000141622,-0.000690723
2.100000,0.407787641,0.000137629,-0.000699648
2.100000,0.411787850,0.000135129,-0.000697610
2.200000,0.415787848,0.000131592,-0.000702673
2.200000,0.419787866,0.000127862,-0.000709279
2.200000,0.423787922,0.000124238,-0.000714921
2.200000,0.427788041,0.000121544,-0.000713676
2.200000,0.431788141,0.000116760,-0.000727383
2.300000,0.435788207,0.000112743,-0.000735472
2.300000,0.439788274,0.000108943,-0.000741588
2.300000,0.443788287,0.000105225,-0.000747028
2.300000,0.447788286,0.000101586,-0.000751764
2.300000,0.451788270,0.000097949,-0.000756244
2.400000,0.455788342,0.000095257,-0.000759591
2.400000,0.459788262,0.000091094,-0.000769314
2.400000,0.463787925,0.000088764,-0.000759274
2.400000,0.467788181,0.000082289,-0.000771198
2.400000,0.471788680,0.000081047,-0.000768055
2.500000,0.475788444,0.000077783,-0.000769366
2.500000,0.479788137,0.000074189,-0.000773348
2.500000,0.483787878,0.000068641,-0.000782414
2.500000,0.487788421,0.000068246,-0.000786552
2.500000,0.491790258,0.000059840,-0.000780103
2.600000,0.495790801,0.000059686,-0.000777998
2.600000,0.499792440,0.000057512,-0.000759105
2.600000,0.503794340,0.000056957,-0.000725605
2.600000,0.507796409,0.000057325,-0.000714159
2.600000,0.511798737,0.000052761,-0.000738947
2.700000,0.515800421,0.000050985,-0.000756870
2.700000,0.519802968,0.000052537,-0.000728439
2.700000,0.523804181,0.000044620,-0.000732091
2.700000,0.527804785,0.000040854,-0.000738073
2.700000,0.531806368,0.000037944,-0.000738004
2.800000,0.535808241,0.000032742,-0.000776336
2.800000,0.539809663,0.000028678,-0.000784069
2.800000,0.543810336,0.000024224,-0.000793658
2.800000,0.547810718,0.000021251,-0.000792222
2.800000,0.551810846,0.000017053,-0.000799331
2.900000,0.555810982,0.000012603,-0.000808491
2.900000,0.559811078,0.000009722,-0.000806010
2.900000,0.563811106,0.000003195,-0.000819398
2.900000,0.567812267,-0.000002754,-0.000805151
2.900000,0.571814717,-0.000009757,-0.000790025
3.000000,0.575816542,-0.000019072,-0.000830617
3.000000,0.579818219,-0.000022055,-0.000816480
3.000000,0.583820215,-0.000027411,-0.000850553
3.000000,0.587821154,-0.000026959,-0.000850850
3.000000,0.591822269,-0.000027378,-0.000865442
3.100000,0.595824361,-0.000031428,-0.000856316
3.100000,0.599826836,-0.000037911,-0.000859572
3.100000,0.603828487,-0.000038474,-0.000857091
3.100000,0.607831090,-0.000040363,-0.000832887
3.100000,0.611833702,-0.000043845,-0.000863090
3.200000,0.615835548,-0.000048072,-0.000864877
3.200000,0.619836874,-0.000051334,-0.000862021
3.200000,0.623838008,-0.000056618,-0.000874075
3.200000,0.627838599,-0.000058886,-0.000885907
3.200000,0.631840089,-0.000047944,-0.000874888
3.300000,0.635841372,-0.000047344,-0.000883808
3.300000,0.639841840,-0.000043949,-0.000874892
3.300000,0.643842822,-0.000038233,-0.000915230
3.300000,0.647843852,-0.000034584,-0.000902049
3.300000,0.651845795,-0.000036386,-0.000897557
3.400000,0.655847252,-0.000037415,-0.000913395
3.400000,0.659849053,-0.000037411,-0.000888535
3.400000,0.663851283,-0.000036527,-0.000863173
3.400000,0.667853435,-0.000039821,-0.000870414
3.400000,0.671854469,-0.000043660,-0.000867259
3.500000,0.675855015,-0.000048513,-0.000888066
3.500000,0.679855876,-0.000057775,-0.000904094
3.500000,0.683856898,-0.000060345,-0.000900207
3.500000,0.687857685,-0.000064304,-0.000902195
3.500000,0.691858552,-0.000073130,-0.000920307
3.600000,0.695860592,-0.000080117,-0.000964253
3.600000,0.699864726,-0.000085970,-0.000972302
3.600000,0.703867772,-0.000090691,-0.000965943
3.600000,0.707870917,-0.000091163,-0.000961226
3.600000,0.711872152,-0.000096479,-0.000971488
3.700000,0.715872864,-0.000100149,-0.000969926
3.700000,0.719873185,-0.000104995,-0.000976561
3.700000,0.723873435,-0.000110117,-0.000985362
3.700000,0.727873574,-0.000113721,-0.000983085
3.700000,0.731873534,-0.000118312,-0.000987520
3.800000,0.735873521,-0.000123383,-0.000995589
3.800000,0.739873664,-0.000127234,-0.000994569
3.800000,0.743873751,-0.000133276,-0.001009481
3.800000,0.747873845,-0.000137016,-0.001007133
3.800000,0.751873920,-0.000142097,-0.001014607
3.900000,0.755873954,-0.000147023,-0.001020723
3.900000,0.759873962,-0.000151834,-0.001025857
3.900000,0.763873941,-0.000156847,-0.001032449
3.900000,0.767873983,-0.000162577,-0.001045532
3.900000,0.771873971,-0.000165973,-0.001045767
4.000000,0.775873735,-0.000171190,-0.001043300
4.000000,0.779873667,-0.000176296,-0.001046139
4.000000,0.783874320,-0.000180206,-0.001050050
4.000000,0.787582957,0.000318886,0.002431608
4.000000,0.791034062,0.001503992,0.010745917
4.100000,0.794817806,0.002403820,0.016693142
4.100000,0.798413236,0.003564064,0.024187434
4.100000,0.802188254,0.004867372,0.032775130
4.100000,0.805959357,0.006239249,0.041566974
4.100000,0.809797220,0.007508025,0.049342656
4.200000,0.813524321,0.008981434,0.058444989
4.200000,0.817256171,0.010382270,0.066699069
4.200000,0.821055732,0.011780724,0.074680471
4.200000,0.824710834,0.013347062,0.083811567
4.200000,0.828512967,0.014561684,0.090006318
4.300000,0.832068058,0.016148539,0.098856889
4.300000,0.835715472,0.017618084,0.106492913
4.300000,0.839390067,0.019278309,0.115363616
4.300000,0.843169049,0.021027587,0.124525910
4.300000,0.847057621,0.022508935,0.131323546
4.400000,0.850728291,0.024289312,0.140384472
4.400000,0.854455323,0.025853642,0.147519029
4.400000,0.858120922,0.027579794,0.155721602
4.400000,0.861763088,0.029276892,0.163536755
4.400000,0.865471459,0.031022750,0.171357066
4.500000,0.869203245,0.032574530,0.177531016
4.500000,0.872758076,0.034441057,0.186041635
4.500000,0.876481721,0.036309874,0.194180141
4.500000,0.880202367,0.037975683,0.200417104
4.500000,0.883664517,0.040009378,0.209534545
4.600000,0.887390215,0.041656515,0.215368379
4.600000,0.890704329,0.043737603,0.224650996
4.600000,0.894316978,0.045545712,0.231337834
4.600000,0.897759225,0.047417044,0.238521125
4.600000,0.901205668,0.049586765,0.247671874
4.700000,0.904688527,0.051839459,0.257034209
4.700000,0.908310569,0.053952002,0.264828142
4.700000,0.911798327,0.056221396,0.273825057
4.700000,0.915200191,0.058525393,0.282970050
4.700000,0.918834885,0.060569367,0.289509487
4.800000,0.922120473,0.062929887,0.298853713
4.800000,0.925730545,0.064937252,0.304641049
4.800000,0.928945830,0.067192925,0.312747780
4.800000,0.932364081,0.069347153,0.319712500
4.800000,0.935591941,0.071574254,0.327326511
4.900000,0.938802130,0.073966218,0.336003517
4.900000,0.942010700,0.076427838,0.344930707
4.900000,0.945496302,0.078524662,0.350290061
4.900000,0.948543192,0.081001015,0.359336183
4.900000,0.951926286,0.083169796,0.365126484
5.000000,0.954920131,0.085611563,0.373567537
5.000000,0.958122886,0.087933217,0.380331676
5.000000,0.961031423,0.090460101,0.389186109
5.000000,0.964259070,0.092746793,0.395277043
5.000000,0.967265840,0.095280506,0.403588023
5.100000,0.970403761,0.097895798,0.411820099
5.100000,0.973405399,0.100649405,0.421149461
5.100000,0.976696602,0.103145267,0.427503577
5.100000,0.979711998,0.105958084,0.436754478
5.100000,0.983028453,0.108532407,0.443143832
5.200000,0.985955613,0.111455375,0.452990886
5.200000,0.989170431,0.114096656,0.459685677
5.200000,0.992094605,0.116928859,0.468396699
5.200000,0.995200318,0.119669433,0.475691216
5.200000,0.998023285,0.122586286,0.484808189
5.300000,1.001090382,0.125436407,0.492413320
5.300000,1.003873682,0.128499437,0.502118246
5.300000,1.007043107,0.131360003,0.508864702
5.300000,1.009835732,0.134432076,0.518205296
5.300000,1.012979943,0.137301795,0.524590502
5.400000,1.015939884,0.140163989,0.531395725
5.400000,1.018621984,0.143275317,0.540684346
5.400000,1.021579738,0.146201583,0.547452209
5.400000,1.024163616,0.149321064,0.556669040
5.400000,1.027166294,0.152146760,0.562200554
5.500000,1.030002177,0.155032455,0.568643248
5.500000,1.032728015,0.157885949,0.574936340
5.500000,1.035176656,0.160946124,0.583615213
5.500000,1.037939404,0.163837360,0.589686539
5.500000,1.040386111,0.166843753,0.597628673
5.600000,1.042984630,0.169838228,0.604651505
5.600000,1.045351745,0.172905063,0.612771043
5.600000,1.047774671,0.176076584,0.621107997
5.600000,1.050117355,0.179322143,0.630091027
5.600000,1.052771238,0.182379118,0.636237267
5.700000,1.055062385,0.185623531,0.645034241
5.700000,1.057483313,0.188881116,0.653040870
5.700000,1.059794246,0.192179986,0.661615216
5.700000,1.062454312,0.195265975,0.667007077
5.700000,1.064638400,0.198609105,0.676074341
5.800000,1.066945324,0.202085832,0.684970340
5.800000,1.069314155,0.205604289,0.693556314
5.800000,1.071654041,0.209038196,0.701537152
5.800000,1.073849069,0.212578549,0.710645859
5.800000,1.076013912,0.216172617,0.719863701
5.900000,1.078456828,0.219569223,0.726362418
5.900000,1.080483644,0.223182031,0.735923818
5.900000,1.082907760,0.226576419,0.742030628
5.900000,1.084830901,0.230182705,0.751690805
5.900000,1.086899915,0.233875886,0.760666896
6.000000,1.089054148,0.237562109,0.768933583
6.000000,1.091256232,0.241080028,0.775787776
6.000000,1.093083997,0.244744272,0.785229011
6.000000,1.095278130,0.248217036,0.791397304
6.000000,1.096986170,0.251782125,0.800435809
6.100000,1.099061194,0.255230504,0.806671751
6.100000,1.100908141,0.258735079,0.814296331
6.100000,1.102652689,0.262363224,0.822902897
6.100000,1.104349775,0.266110094,0.832081247
6.100000,1.106438976,0.269721373,0.838152439
6.200000,1.108173237,0.273394183,0.846296993
6.200000,1.110023751,0.277156557,0.854082660
6.200000,1.111678292,0.280832026,0.862151705
6.200000,1.113308352,0.284617779,0.870760389
6.200000,1.114847868,0.288553046,0.880349569
6.300000,1.116861362,0.292316936,0.886165248
6.300000,1.118373996,0.296171087,0.895080101
6.300000,1.119895719,0.300137382,0.904179807
6.300000,1.121387068,0.304151056,0.913339558
6.300000,1.123159778,0.307961278,0.919658174
6.400000,1.124419670,0.311859504,0.929242020
6.400000,1.126263249,0.315602630,0.934425931
6.400000,1.127755283,0.319361563,0.941614363
6.400000,1.128939320,0.323305444,0.951269028
6.400000,1.130647855,0.327131480,0.956986409
6.500000,1.131830254,0.330929192,0.965495767
6.500000,1.133165413,0.334784400,0.973103030
6.500000,1.134531486,0.338541978,0.979872638
6.500000,1.135554019,0.342509021,0.989507855
6.500000,1.136635946,0.346662898,0.999192961
6.600000,1.138221169,0.350666657,1.004988670
6.600000,1.139301883,0.354672344,1.013671649
6.600000,1.140342714,0.358775357,1.022666014
6.600000,1.141267633,0.362901046,1.032276890
6.600000,1.142245443,0.367042673,1.041285553
6.700000,1.143372102,0.371205609,1.049152699
6.700000,1.144509185,0.375226922,1.056080250
6.700000,1.145276737,0.379365307,1.065801334
6.700000,1.146050632,0.383604134,1.075417498
6.700000,1.146766763,0.387820217,1.085089416
6.800000,1.147441969,0.392023673,1.094696282
6.800000,1.148075039,0.396220029,1.104262735
6.800000,1.148665821,0.400401337,1.113755039
6.800000,1.149211317,0.404546782,1.123185368
6.800000,1.149713943,0.408662901,1.132534481
6.900000,1.150174930,0.412755886,1.141820582
6.900000,1.150595680,0.416830289,1.151054146
6.900000,1.150977376,0.420886388,1.160230805
6.900000,1.151321219,0.424918130,1.169331780
6.900000,1.151625707,0.428909745,1.178328258
7.000000,1.151871374,0.432930501,1.187666985
7.000000,1.152343980,0.437041758,1.195364410
7.000000,1.152498191,0.441159287,1.205047152
7.000000,1.153184951,0.445316615,1.210808412
7.000000,1.153412325,0.449412192,1.219513171
7.100000,1.153744005,0.453615158,1.227481659
7.100000,1.154066519,0.457680758,1.234914798
7.100000,1.154148361,0.461850148,1.244056928
7.100000,1.154684235,0.465977663,1.249571979
7.100000,1.154691915,0.470042130,1.258634995
7.200000,1.154994383,0.474141828,1.265337001
7.200000,1.155080320,0.478138524,1.273102087
7.200000,1.155008150,0.482221639,1.282092943
7.200000,1.154842116,0.486330099,1.291482152
7.200000,1.155116443,0.490443849,1.297408080
7.300000,1.155107905,0.494419794,1.304951860
7.300000,1.154906285,0.498418140,1.313707599
7.300000,1.155059505,0.502351850,1.319477258
7.300000,1.154751888,0.506172228,1.328246770
7.300000,1.154924968,0.510042106,1.333429998
7.400000,1.154542457,0.513828164,1.342239544
7.400000,1.154385655,0.517764332,1.349482939
7.400000,1.153961500,0.521771514,1.358601042
7.400000,1.153991323,0.525811749,1.364165651
7.400000,1.153690591,0.529746961,1.371997189
7.500000,1.153252549,0.533743527,1.380589176
7.500000,1.152921400,0.537719735,1.388129038
7.500000,1.152347259,0.541745491,1.397237326
7.500000,1.152127110,0.545788249,1.403488016
7.500000,1.151452865,0.549738930,1.412772527
7.600000,1.151252405,0.553833054,1.418403337
7.600000,1.150551588,0.557745066,1.427432947
7.600000,1.150093906,0.561891768,1.434661464
7.600000,1.149310895,0.565883500,1.443905196
7.600000,1.148549167,0.570027927,1.452963556
7.700000,1.147634097,0.574225549,1.462824213
7.700000,1.147206687,0.578565121,1.468898265
7.700000,1.146467268,0.582705805,1.476977744
7.700000,1.145563315,0.586838669,1.486014607
7.700000,1.144944489,0.591010423,1.492662954
7.800000,1.143887523,0.595094403,1.502389315
7.800000,1.143037560,0.599266760,1.510226998
7.800000,1.141979251,0.603389724,1.519378613
7.800000,1.141197177,0.607531466,1.526204732
7.800000,1.140014884,0.611505663,1.535762859
7.900000,1.139166153,0.615653548,1.542656143
7.900000,1.138111963,0.619570070,1.550547444
7.900000,1.136974384,0.623559924,1.559125533
7.900000,1.136239090,0.627569610,1.564472148
7.900000,1.135062526,0.631350470,1.572904877
8.000000,1.133874932,0.635225467,1.581167601
8.000000,1.132679500,0.638957073,1.589148726
8.000000,1.131606837,0.642818251,1.596135330
8.000000,1.131293567,0.646734272,1.597634870
8.000000,1.131203795,0.650684307,1.597503961
8.100000,1.131098227,0.654654597,1.597500503
8.100000,1.130991868,0.658637195,1.597500480
8.100000,1.130885367,0.662626730,1.597500099
8.100000,1.130778777,0.666620174,1.597499589
8.100000,1.130672133,0.670615826,1.597499021
8.200000,1.130565456,0.674612731,1.597498432
8.200000,1.130458758,0.678610350,1.597497844
8.200000,1.130352046,0.682608377,1.597497275
8.200000,1.130245321,0.686606642,1.597496738
8.200000,1.130138587,0.690605045,1.597496243
8.300000,1.130031843,0.694603532,1.597495800
8.300000,1.129925089,0.698602068,1.597495418
8.300000,1.129818327,0.702600637,1.597495103
8.300000,1.129711555,0.706599226,1.597494862
8.300000,1.129604773,0.710597829,1.597494698
8.400000,1.129497983,0.714596442,1.597494614
8.400000,1.129391183,0.718595061,1.597494611
8.400000,1.129284374,0.722593685,1.597494685
8.400000,1.129177557,0.726592311,1.597494833
8.400000,1.129070732,0.730590939,1.597495049
8.500000,1.128963900,0.734589567,1.597495321
8.500000,1.128857063,0.738588193,1.597495641
8.500000,1.128750222,0.742586818,1.597495995
8.500000,1.128643378,0.746585441,1.597496370
8.500000,1.128536533,0.750584061,1.597496753
8.600000,1.128429689,0.754582677,1.597497129
8.600000,1.128322847,0.758581290,1.597497487
8.600000,1.128216008,0.762579899,1.597497814
8.600000,1.128109175,0.766578505,1.597498102
8.600000,1.128002348,0.770577107,1.597498342
8.700000,1.127895527,0.774575706,1.597498530
8.700000,1.127788714,0.778574302,1.597498662
8.700000,1.127681907,0.782572895,1.597498737
8.700000,1.127575108,0.786571485,1.597498758
8.700000,1.127468315,0.790570074,1.597498727
8.800000,1.127361529,0.794568660,1.597498651
8.800000,1.127254747,0.798567246,1.597498533
8.800000,1.127147969,0.802565831,1.597498383
8.800000,1.127041195,0.806564415,1.597498207
8.800000,1.126934422,0.810562999,1.597498014
8.900000,1.126827651,0.814561584,1.597497812
8.900000,1.126720881,0.818560169,1.597497607
8.900000,1.126614110,0.822558755,1.597497406
8.900000,1.126507338,0.826557341,1.597497217
8.900000,1.126400564,0.830555930,1.597497043
9.000000,1.126293789,0.834554519,1.597496889
9.000000,1.126187012,0.838553110,1.597496758
9.000000,1.126080232,0.842551703,1.597496652
9.000000,1.125973450,0.846550297,1.597496571
9.000000,1.125866666,0.850548892,1.597496517
9.100000,1.125759880,0.854547488,1.597496486
9.100000,1.125653091,0.858546086,1.597496478
9.100000,1.125546300,0.862544684,1.597496491
9.100000,1.125439507,0.866543283,1.597496520
9.100000,1.125332713,0.870541882,1.597496564
9.200000,1.125225916,0.874540482,1.597496618
9.200000,1.125119119,0.878539081,1.597496679
9.200000,1.125012320,0.882537681,1.597496743
9.200000,1.124905520,0.886536280,1.597496808
9.200000,1.124798719,0.890534878,1.597496871
9.300000,1.124691918,0.894533476,1.597496928
9.300000,1.124585117,0.898532074,1.597496979
9.300000,1.124478316,0.902530670,1.597497020
9.300000,1.124371516,0.906529266,1.597497050
9.300000,1.124264718,0.910527862,1.597497069
9.400000,1.124157920,0.914526456,1.597497076
9.400000,1.124051124,0.918525050,1.597497069
9.400000,1.123944330,0.922523643,1.597497051
9.400000,1.123837538,0.926522236,1.597497020
9.400000,1.123731064,0.930521120,1.597498489
9.500000,1.123640306,0.934519995,1.597465782
9.500000,1.123535951,0.938519257,1.597459327
9.500000,1.123431284,0.942519489,1.597445422
9.500000,1.123325676,0.946518711,1.597437181
9.500000,1.123220539,0.950516840,1.597428289
9.600000,1.123115847,0.954516199,1.597415739
9.600000,1.123010733,0.958515117,1.597414386
9.600000,1.122906541,0.962513408,1.597402428
9.600000,1.122803885,0.966513808,1.597413571
9.600000,1.122701683,0.970514393,1.597423390
9.700000,1.122599739,0.974515092,1.597453103
9.700000,1.122489608,0.978515817,1.597462637
9.700000,1.122381518,0.982517065,1.597503910
9.700000,1.122272734,0.986517416,1.597505744
9.700000,1.122167337,0.990517969,1.597495613
9.800000,1.122057995,0.994518067,1.597546811
9.800000,1.121953978,0.998518689,1.597543690
9.800000,1.121852521,1.002520368,1.597571751
9.800000,1.121746736,1.006520098,1.597599487
9.800000,1.121638702,1.010519842,1.597605021
9.900000,1.121530500,1.014518982,1.597611774
9.900000,1.121423034,1.018518146,1.597619709
9.900000,1.121319250,1.022517917,1.597637056
9.900000,1.121216117,1.026518398,1.597615153
9.900000,1.121114635,1.030519109,1.597658772
10.000000,1.121002797,1.034519291,1.597602024
10.000000,1.120889030,1.038520211,1.597603690
10.000000,1.120785310,1.042519177,1.597614505
10.000000,1.120677018,1.046517839,1.597621885
10.000000,1.120571938,1.050518821,1.597608814
10.100000,1.120462262,1.054518765,1.597624585
10.100000,1.120356198,1.058517554,1.597617003
10.100000,1.120249732,1.062517240,1.597611043
10.100000,1.120142896,1.066515910,1.597608276
10.100000,1.120036581,1.070515578,1.597601080
10.200000,1.119928115,1.074515377,1.597577422
10.200000,1.119821146,1.078514362,1.597573165
10.200000,1.119716412,1.082513564,1.597556951
10.200000,1.119610951,1.086512518,1.597545771
10.200000,1.119505635,1.090511334,1.597533925
10.300000,1.119400396,1.094510068,1.597521873
10.300000,1.119295175,1.098508752,1.597510035
10.300000,1.119189912,1.102507405,1.597498807
10.300000,1.119083550,1.106505968,1.597494962
10.300000,1.118978502,1.110504575,1.597483674
10.400000,1.118874051,1.114503256,1.597467046
10.400000,1.118768984,1.118501901,1.597455728
10.400000,1.118663675,1.122500515,1.597446408
10.400000,1.118558011,1.126501446,1.597443539
10.400000,1.118452911,1.130503556,1.597447450
10.500000,1.118342422,1.134505228,1.597477713
10.500000,1.118235525,1.138505670,1.597476818
10.500000,1.118128739,1.142505838,1.597461270
10.500000,1.118024637,1.146506858,1.597446673
10.500000,1.117918446,1.150508749,1.597427306
10.600000,1.117809230,1.154508899,1.597500084
10.600000,1.117706627,1.158511154,1.597494576
10.600000,1.117602013,1.162511527,1.597532013
10.600000,1.117495856,1.166511636,1.597526039
10.600000,1.117388626,1.170511088,1.597527992
10.700000,1.117281343,1.174510122,1.597530187
10.700000,1.117179257,1.178510154,1.597558000
10.700000,1.117074824,1.182510832,1.597533471
10.700000,1.116969103,1.186511089,1.597557663
10.700000,1.116861554,1.190511213,1.597559305
10.800000,1.116762845,1.194511271,1.597542932
10.800000,1.116656849,1.198511990,1.597555299
10.800000,1.116550246,1.202513031,1.597547022
10.800000,1.116449464,1.206515692,1.597570696
10.800000,1.116343336,1.210517064,1.597542311
10.900000,1.116236238,1.214518180,1.597552283
10.900000,1.116129898,1.218519581,1.597540660
10.900000,1.116030172,1.222518975,1.597544919
10.900000,1.115919819,1.226519658,1.597577972
10.900000,1.115814744,1.230520399,1.597564831
11.000000,1.115708979,1.234519139,1.597556598
11.000000,1.115604164,1.238518940,1.597541290
11.000000,1.115498218,1.242517987,1.597532785
11.000000,1.115393027,1.246516005,1.597521705
11.000000,1.115288586,1.250515385,1.597504862
11.100000,1.115182862,1.254514175,1.597495847
11.100000,1.115077704,1.258512057,1.597485557
11.100000,1.114973075,1.262511341,1.597471029
11.100000,1.114867189,1.266510006,1.597464216
11.100000,1.114762537,1.270508826,1.597450614
11.200000,1.114657212,1.274507505,1.597441601
11.200000,1.114552455,1.278506653,1.597430649
11.200000,1.114441583,1.282506375,1.597444239
11.200000,1.114333781,1.286506845,1.597472395
11.200000,1.114228499,1.290507471,1.597492712
11.300000,1.114123151,1.294508411,1.597474663
11.300000,1.114015996,1.298508502,1.597478691
11.300000,1.113913312,1.302509193,1.597453491
11.300000,1.113806485,1.306509572,1.597460211
11.300000,1.113703806,1.310510424,1.597434744
11.400000,1.113597160,1.314510758,1.597444005
11.400000,1.113487236,1.318510545,1.597426054
11.400000,1.113379625,1.322511018,1.597428740
11.400000,1.113270884,1.326512532,1.597437418
11.400000,1.113163565,1.330511901,1.597442514
11.500000,1.113056228,1.334510893,1.597447645
11.500000,1.112948839,1.338509704,1.597453035
11.500000,1.112841471,1.342508427,1.597458161
11.500000,1.112734174,1.346507091,1.597462676
11.500000,1.112627000,1.350505724,1.597466229
11.600000,1.112520005,1.354504345,1.597468454
11.600000,1.112416897,1.358502523,1.597467642
11.600000,1.112306888,1.362503291,1.597470120
11.600000,1.112200013,1.366502718,1.597471225
11.600000,1.112092839,1.370501839,1.597474642
11.700000,1.111987306,1.374500829,1.597466005
11.700000,1.111880822,1.378499598,1.597464615
11.700000,1.111774476,1.382498740,1.597441375
11.700000,1.111660864,1.386498807,1.597428113
11.700000,1.111559096,1.390498676,1.597422026
11.800000,1.111455985,1.394500034,1.597414557
11.800000,1.111350437,1.398499696,1.597366447
11.800000,1.111249858,1.402501051,1.597376713
11.800000,1.111144444,1.406501856,1.597350029
11.800000,1.111044865,1.410502679,1.597345160
11.900000,1.110940997,1.414503858,1.597321923
11.900000,1.110837213,1.418503846,1.597300187
11.900000,1.110732430,1.422504238,1.597303627
11.900000,1.110625352,1.426505110,1.597283754
11.900000,1.110521865,1.430507003,1.597253472
12.000000,1.110410679,1.434508662,1.597244447
12.000000,1.110308815,1.438510278,1.597292916
12.000000,1.110206847,1.442511800,1.597292841
12.000000,1.109659676,1.446208973,1.600429524
12.000000,1.108367903,1.449558120,1.608755954
12.100000,1.107141860,1.453138173,1.616482495
12.100000,1.105846323,1.456815253,1.624469836
12.100000,1.104871719,1.460538934,1.629696975
12.100000,1.103346194,1.464030124,1.639040532
12.100000,1.101894341,1.467654111,1.647502899
12.200000,1.100530999,1.471405862,1.655047570
12.200000,1.099207645,1.475099283,1.662112749
12.200000,1.097642887,1.478768849,1.670788342
12.200000,1.096243787,1.482498785,1.677758415
12.200000,1.094670791,1.486179685,1.685972258
12.300000,1.092987453,1.489731276,1.694874320
12.300000,1.091603159,1.493535201,1.701058288
12.300000,1.090178632,1.497225517,1.707582791
12.300000,1.088431273,1.500790012,1.716301894
12.300000,1.086825692,1.504452071,1.723698610
12.400000,1.084960799,1.508076285,1.732826258
12.400000,1.083132481,1.511659914,1.741443664
12.400000,1.081448318,1.515402287,1.748614151
12.400000,1.079536665,1.518883007,1.757541297
12.400000,1.077882874,1.522596475,1.764006346
12.500000,1.075912208,1.526050672,1.772965966
12.500000,1.074159236,1.529742914,1.779585287
12.500000,1.072082164,1.533188107,1.788931533
12.500000,1.070028868,1.536690943,1.797703659
12.500000,1.068110983,1.540372647,1.804745519
12.600000,1.065957144,1.543702422,1.814056947
12.600000,1.064161328,1.547307998,1.819978607
12.600000,1.062092524,1.550677554,1.828223776
12.600000,1.059939463,1.554161251,1.836663678
12.600000,1.057708104,1.557500994,1.845583887
12.700000,1.055767739,1.561146381,1.851616122
12.700000,1.053586822,1.564492198,1.859709855
12.700000,1.051316342,1.567934321,1.868111208
12.700000,1.048895881,1.571276910,1.877534848
12.700000,1.046865708,1.574942762,1.883173291
12.800000,1.044527846,1.578274174,1.891582476
12.800000,1.042154217,1.581744069,1.899711529
12.800000,1.039942867,1.585171847,1.906321836
12.800000,1.037405201,1.588378275,1.915781954
12.800000,1.035325871,1.591919158,1.921005731
12.900000,1.032849420,1.595013201,1.929784836
12.900000,1.030389332,1.598289430,1.937798758
12.900000,1.027731147,1.601490770,1.947210242
12.900000,1.025470471,1.604976372,1.952846195
12.900000,1.022878251,1.608039460,1.961641050
13.000000,1.020485262,1.611303555,1.968342173
13.000000,1.017830662,1.614319291,1.977360245
13.000000,1.015407327,1.617586771,1.983751282
13.000000,1.012680171,1.620570789,1.992950811
13.000000,1.010166071,1.623841573,1.999444882
13.100000,1.007462499,1.626832172,2.007965020
13.100000,1.004822756,1.630038464,2.015209116
13.100000,1.002307461,1.633223898,2.021329380
13.100000,0.999533523,1.636065190,2.030203468
13.100000,0.996990181,1.639245097,2.036238229
13.200000,0.994227194,1.642115787,2.044540660
13.200000,0.991376670,1.645171830,2.052592472
13.200000,0.988688267,1.648252253,2.059074375
13.200000,0.985777730,1.651065645,2.067919143
13.200000,0.983163423,1.654154040,2.073534906
13.300000,0.980328858,1.656818483,2.081898405
13.300000,0.977571237,1.659765884,2.088545067
13.300000,0.974635332,1.662469828,2.097037627
13.300000,0.971635680,1.665350992,2.105057359
13.300000,0.968857835,1.668272994,2.111180452
13.400000,0.965745660,1.670845822,2.120721122
13.400000,0.962848886,1.673887955,2.126794238
13.400000,0.959868618,1.676600713,2.134399143
13.400000,0.956747868,1.679227178,2.143118290
13.400000,0.953847384,1.682099799,2.149028436
13.500000,0.950834153,1.684698533,2.156696010
13.500000,0.947686048,1.687163919,2.165559834
13.500000,0.944788792,1.690018067,2.170964197
13.500000,0.941584173,1.692390918,2.180179056
13.500000,0.938567157,1.695235158,2.185923346
13.600000,0.935482794,1.697854076,2.192945877
13.600000,0.932273438,1.700359724,2.200931761
13.600000,0.928976716,1.702863222,2.209260908
13.600000,0.925886604,1.705587990,2.215207827
13.600000,0.922597183,1.707857915,2.224153511
13.700000,0.919372458,1.710270537,2.231780632
13.700000,0.916106547,1.712613285,2.239796691
13.700000,0.912991732,1.715159284,2.245762377
13.700000,0.909573197,1.717338011,2.254998662
13.700000,0.906318200,1.719869562,2.261299795
13.800000,0.902826656,1.721986366,2.270819864
13.800000,0.899454086,1.724437634,2.277721157
13.800000,0.895950796,1.726500763,2.287069505
13.800000,0.892582979,1.728950792,2.293499169
13.800000,0.889145918,1.731003285,2.302009178
13.900000,0.885777166,1.733263695,2.309090628
13.900000,0.882384713,1.735239598,2.317246055
13.900000,0.878970091,1.737393459,2.324546800
13.900000,0.875616206,1.739498460,2.331506016
13.900000,0.872142248,1.741478289,2.339617545
14.000000,0.868580836,1.743292227,2.348734436
14.000000,0.865169238,1.745517573,2.354785988
14.000000,0.861647368,1.747306962,2.363383031
14.000000,0.858165231,1.749388329,2.370041368
14.000000,0.854721059,1.751340662,2.377059870
14.100000,0.851342301,1.753413074,2.382957313
14.100000,0.847826172,1.755053065,2.391566417
14.100000,0.844156448,1.756835438,2.399963370
14.100000,0.840369288,1.758519093,2.409222826
14.100000,0.836697358,1.760468593,2.416159289
14.200000,0.832906458,1.762021885,2.425727820
14.200000,0.829060489,1.763626120,2.434954981
14.200000,0.825361444,1.765613526,2.440873533
14.200000,0.821641721,1.767340667,2.448397423
14.200000,0.817777531,1.768820027,2.457789732
14.300000,0.813996681,1.770606810,2.464616086
14.300000,0.810167794,1.772004500,2.473747945
14.300000,0.806301521,1.773594820,2.481723541
14.300000,0.802403768,1.774953591,2.490984710
14.300000,0.798679473,1.776713335,2.496796560
14.400000,0.794843457,1.777959836,2.506123841
14.400000,0.790934783,1.779279773,2.514908659
14.400000,0.787022325,1.780738389,2.522674946
14.400000,0.783305638,1.782324158,2.528692305
14.400000,0.779416801,1.783426257,2.538172207
14.500000,0.775511678,1.784872784,2.545204397
14.500000,0.771741670,1.786357680,2.551309960
14.500000,0.767827147,1.787368358,2.560838131
14.500000,0.763798408,1.788492180,2.569734552
14.500000,0.759687137,1.789636426,2.578611443
14.600000,0.755718610,1.790715395,2.587073954
14.600000,0.751709655,1.791851743,2.595092238
14.600000,0.747844221,1.793209325,2.600854481
14.600000,0.743903287,1.793946310,2.610756945
14.600000,0.739975630,1.795114004,2.617442970
14.700000,0.736129198,1.796176760,2.624264958
14.700000,0.732152059,1.796982882,2.633193478
14.700000,0.728164846,1.797900399,2.641161717
14.700000,0.724102025,1.798777807,2.649393511
14.700000,0.720167534,1.799942648,2.654886217
14.800000,0.716176958,1.800578759,2.664179005
14.800000,0.712121373,1.801597268,2.670723745
14.800000,0.708136041,1.802246717,2.679294940
14.800000,0.704144484,1.803173076,2.685850037
14.800000,0.700265350,1.804024828,2.692222425
14.900000,0.696417350,1.804465263,2.701205155
14.900000,0.692588590,1.805356462,2.706920600
14.900000,0.688796102,1.805889548,2.714724512
14.900000,0.684871980,1.806296979,2.723564073
14.900000,0.680988079,1.806925077,2.730538572
15.000000,0.677080859,1.807276813,2.739291703
15.000000,0.673189574,1.807931071,2.745634280
15.000000,0.669269140,1.808182980,2.754698350
15.000000,0.665337779,1.808921934,2.760189170
15.000000,0.661477528,1.809256045,2.768121856
15.100000,0.657544973,1.809595452,2.775997580
15.100000,0.653621635,1.809717961,2.785131870
15.100000,0.649657959,1.810171504,2.791689295
15.100000,0.645778087,1.810409439,2.799372954
15.100000,0.641770820,1.810489294,2.808311014
15.200000,0.637759772,1.810893376,2.814667754
15.200000,0.633750917,1.810853348,2.824092570
15.200000,0.629646575,1.811262584,2.830180004
15.200000,0.625577838,1.811250999,2.839044461
15.200000,0.621362841,1.811317942,2.847393680
15.300000,0.617219199,1.811634326,2.853601925
15.300000,0.613092906,1.811451045,2.863117664
15.300000,0.608897075,1.811559810,2.870274070
15.300000,0.604848848,1.811283110,2.879956440
15.300000,0.600732250,1.811458556,2.886074025
15.400000,0.596682743,1.811410667,2.893680856
15.400000,0.592639767,1.811154157,2.902397178
15.400000,0.588502512,1.811010788,2.910207629
15.400000,0.584384279,1.810648228,2.919403371
15.400000,0.580108374,1.810561391,2.926444075
15.500000,0.576088363,1.810110474,2.935552262
15.500000,0.571940586,1.810000609,2.942047087
15.500000,0.567860088,1.809534119,2.950999969
15.500000,0.563589225,1.809221648,2.958701695
15.500000,0.559420583,1.808852428,2.966559804
15.600000,0.555198768,1.808306383,2.975463889
15.600000,0.550981496,1.808051609,2.981878455
15.600000,0.546891782,1.807300390,2.991734104
15.600000,0.542653301,1.806958741,2.998394492
15.600000,0.538572267,1.806303342,3.007065608
15.700000,0.534404399,1.805719309,3.015007721
15.700000,0.530307866,1.805148831,3.022484799
15.700000,0.526180807,1.804331413,3.031674472
15.700000,0.522053192,1.803877292,3.037811569
15.700000,0.518125400,1.802899535,3.047517047
15.800000,0.514020299,1.802388700,3.053536394
15.800000,0.510122591,1.801445856,3.062598528
15.800000,0.506093468,1.800784369,3.069453136
15.800000,0.502154081,1.800120604,3.075964422
15.800000,0.498295493,1.799054027,3.085260001
15.900000,0.494240941,1.798375467,3.091454317
15.900000,0.490374781,1.797418649,3.099488484
15.900000,0.486427455,1.796422553,3.107624941
15.900000,0.482487815,1.795755299,3.113148249
15.900000,0.478740094,1.794562565,3.122298244
16.000000,0.474878729,1.793368481,3.131222421
16.000000,0.470856642,1.792323939,3.138836853
16.000000,0.467030500,1.791020728,-3.135074122
16.000000,0.463100845,1.790422828,-3.131047675
16.000000,0.459164182,1.790426183,-3.131422601
16.100000,0.455195236,1.790383725,-3.131405806
16.100000,0.451211987,1.790343161,-3.131406044
16.100000,0.447221267,1.790302514,-3.131406227
16.100000,0.443226520,1.790261821,-3.131406367
16.100000,0.439229552,1.790221110,-3.131406530
16.200000,0.435231342,1.790180392,-3.131406728
16.200000,0.431232434,1.790139673,-3.131406960
16.200000,0.427233131,1.790098957,-3.131407221
16.200000,0.423233604,1.790058243,-3.131407503
16.200000,0.419233952,1.790017533,-3.131407799
16.300000,0.415234229,1.789976826,-3.131408101
16.300000,0.411234467,1.789936121,-3.131408401
16.300000,0.407234684,1.789895418,-3.131408692
16.300000,0.403234889,1.789854715,-3.131408968
16.300000,0.399235088,1.789814011,-3.131409222
16.400000,0.395235284,1.789773307,-3.131409450
16.400000,0.391235478,1.789732601,-3.131409651
16.400000,0.387235673,1.789691892,-3.131409822
16.400000,0.383235867,1.789651181,-3.131409962
16.400000,0.379236061,1.789610466,-3.131410074
16.500000,0.375236255,1.789569748,-3.131410158
16.500000,0.371236448,1.789529026,-3.131410217
16.500000,0.367236641,1.789488301,-3.131410254
16.500000,0.363236833,1.789447573,-3.131410273
16.500000,0.359237025,1.789406843,-3.131410276
16.600000,0.355237216,1.789366109,-3.131410266
16.600000,0.351237405,1.789325374,-3.131410245
16.600000,0.347237594,1.789284636,-3.131410217
16.600000,0.343237782,1.789243897,-3.131410182
16.600000,0.339237970,1.789203157,-3.131410141
16.700000,0.335238156,1.789162415,-3.131410095
16.700000,0.331238342,1.789121673,-3.131410044
16.700000,0.327238527,1.789080929,-3.131409989
16.700000,0.323238712,1.789040185,-3.131409927
16.700000,0.319239236,1.788999966,-3.131391062
16.800000,0.315237317,1.788962075,-3.131417583
16.800000,0.311234724,1.788926518,-3.131437480
16.800000,0.307233165,1.788887011,-3.131448373
16.800000,0.303232654,1.788848224,-3.131460913
16.800000,0.299232287,1.788810491,-3.131480814
16.900000,0.295232171,1.788771343,-3.131490598
16.900000,0.291232239,1.788733412,-3.131507704
16.900000,0.287232949,1.788697520,-3.131535574
16.900000,0.283230937,1.788661968,-3.131521490
16.900000,0.279230216,1.788624969,-3.131536204
17.000000,0.275229813,1.788587001,-3.131571483
17.000000,0.271229412,1.788552929,-3.131535249
17.000000,0.267227746,1.788512437,-3.131485450
17.000000,0.263226260,1.788471372,-3.131452448
17.000000,0.259223893,1.788434512,-3.131391926
17.100000,0.255222163,1.788391033,-3.131389554
17.100000,0.251221015,1.788351609,-3.131396764
17.100000,0.247220483,1.788309716,-3.131389049
17.100000,0.243220236,1.788268117,-3.131384297
17.100000,0.239220274,1.788228453,-3.131392452
17.200000,0.235220324,1.788186537,-3.131384935
17.200000,0.231220413,1.788144141,-3.131374000
17.200000,0.227220661,1.788102857,-3.131370801
17.200000,0.223220822,1.788062601,-3.131374959
17.200000,0.219221201,1.788025795,-3.131378549
17.300000,0.215219088,1.787983298,-3.131360223
17.300000,0.211216875,1.787944914,-3.131365032
17.300000,0.207215331,1.787899901,-3.131349865
17.300000,0.203213476,1.787858793,-3.131344574
17.300000,0.199212782,1.787817733,-3.131344044
17.400000,0.195212485,1.787776954,-3.131345493
17.400000,0.191212375,1.787736406,-3.131348540
17.400000,0.187212369,1.787696092,-3.131353159
17.400000,0.183212443,1.787656063,-3.131359671
17.400000,0.179212113,1.787615675,-3.131363763
17.500000,0.175211773,1.787575706,-3.131356070
17.500000,0.171212053,1.787537355,-3.131413477
17.500000,0.167209286,1.787492003,-3.131392449
17.500000,0.163206874,1.787451724,-3.131343749
17.500000,0.159203804,1.787416920,-3.131336290
17.600000,0.155200122,1.787381422,-3.131372824
17.600000,0.151197749,1.787340926,-3.131374108
17.600000,0.147196315,1.787299661,-3.131384511
17.600000,0.143194094,1.787263654,-3.131411634
17.600000,0.139191818,1.787229459,-3.131416043
17.700000,0.135189692,1.787190285,-3.131408128
17.700000,0.131187577,1.787153724,-3.131419325
17.700000,0.127185949,1.787119202,-3.131447328
17.700000,0.123185257,1.787079249,-3.131452677
17.700000,0.119184998,1.787040211,-3.131463064
17.800000,0.115184884,1.787001247,-3.131474156
17.800000,0.111184230,1.786966127,-3.131467631
17.800000,0.107182732,1.786923267,-3.131438359
17.800000,0.103181890,1.786884476,-3.131445926
17.800000,0.099182076,1.786846755,-3.131456280
17.900000,0.095180931,1.786800737,-3.131427370
17.900000,0.091180514,1.786760455,-3.131429407
17.900000,0.087180435,1.786719357,-3.131426321
17.900000,0.083180489,1.786677978,-3.131421312
17.900000,0.079180618,1.786636390,-3.131414937
18.000000,0.075180789,1.786594669,-3.131407764
18.000000,0.071181007,1.786552827,-3.131399914
18.000000,0.067181245,1.786510902,-3.131391683
18.000000,0.063181484,1.786468942,-3.131383425
18.000000,0.059181795,1.786428375,-3.131385235
18.100000,0.055182358,1.786390870,-3.131375482
18.100000,0.051180489,1.786346449,-3.131406610
18.100000,0.047178208,1.786306647,-3.131403832
18.100000,0.043176393,1.786266694,-3.131407438
18.100000,0.039174462,1.786225615,-3.131410600
18.200000,0.035173641,1.786184388,-3.131407327
18.200000,0.031173266,1.786143853,-3.131408737
18.200000,0.027173153,1.786103164,-3.131408980
18.200000,0.023173223,1.786062366,-3.131402643
18.200000,0.019171378,1.786023065,-3.131405692
18.300000,0.015169666,1.785980336,-3.131428126
18.300000,0.011167997,1.785941334,-3.131427187
18.300000,0.007165056,1.785910525,-3.131418754
18.300000,0.003162625,1.785871497,-3.131345494
18.300000,-0.000841009,1.785835941,-3.131361118
18.400000,-0.004843571,1.785803405,-3.131393492
18.400000,-0.008845503,1.785764521,-3.131417753
18.400000,-0.012846166,1.785724541,-3.131412523
18.400000,-0.016845615,1.785683672,-3.131404287
18.400000,-0.020844556,1.785643515,-3.131400466
18.500000,-0.024843262,1.785603365,-3.131398781
18.500000,-0.028841861,1.785562664,-3.131394236
18.500000,-0.032840433,1.785521980,-3.131395792
18.500000,-0.036839006,1.785481067,-3.131396385
18.500000,-0.040837577,1.785440068,-3.131397444
18.600000,-0.044836158,1.785398990,-3.131399014
18.600000,-0.048834190,1.785355572,-3.131396831
18.600000,-0.052834283,1.785316896,-3.131356833
18.600000,-0.056833812,1.785274907,-3.131351536
18.600000,-0.060834622,1.785234592,-3.131356603
18.700000,-0.064834115,1.785192600,-3.131350107
18.700000,-0.068833321,1.785151789,-3.131350052
18.700000,-0.072833747,1.785110221,-3.131345364
18.700000,-0.076833410,1.785068517,-3.131341056
18.700000,-0.080832633,1.785027377,-3.131339978
18.800000,-0.084832928,1.784987562,-3.131348780
18.800000,-0.088832658,1.784945028,-3.131337924
18.800000,-0.092832050,1.784903758,-3.131336192
18.800000,-0.096831443,1.784861033,-3.131324150
18.800000,-0.100831321,1.784819606,-3.131321460
18.900000,-0.104830999,1.784777163,-3.131311924
18.900000,-0.108830988,1.784735958,-3.131311158
18.900000,-0.112830732,1.784693838,-3.131304173
18.900000,-0.116830774,1.784653000,-3.131306229
18.900000,-0.120830552,1.784611307,-3.131302398
19.000000,-0.124832088,1.784571327,-3.131350467
19.000000,-0.128833516,1.784534535,-3.131363640
19.000000,-0.132835457,1.784497845,-3.131406691
19.000000,-0.136837433,1.784450794,-3.131404910
19.000000,-0.140840135,1.784409456,-3.131364250
19.100000,-0.144842517,1.784375475,-3.131315976
19.100000,-0.148844526,1.784334698,-3.131339957
19.100000,-0.152846772,1.784298044,-3.131321745
19.100000,-0.156847563,1.784263698,-3.131278935
19.100000,-0.160849708,1.784228060,-3.131241231
19.200000,-0.164852718,1.784194682,-3.131237403
19.200000,-0.168854539,1.784159687,-3.131260197
19.200000,-0.172858851,1.784121472,-3.131249672
19.200000,-0.176861342,1.784083193,-3.131274796
19.200000,-0.180866130,1.784047683,-3.131266801
19.300000,-0.184870035,1.784009498,-3.131302889
19.300000,-0.188873253,1.783973179,-3.131279054
19.300000,-0.192875284,1.783933149,-3.131289136
19.300000,-0.196876660,1.783896444,-3.131302573
19.300000,-0.200879533,1.783853366,-3.131290755
19.400000,-0.204881786,1.783810341,-3.131266822
19.400000,-0.208883052,1.783773939,-3.131217450
19.400000,-0.212884809,1.783731350,-3.131156273
19.400000,-0.216887947,1.783686454,-3.131128585
19.400000,-0.220889871,1.783647218,-3.131107324
19.500000,-0.224892637,1.783606010,-3.131054168
19.500000,-0.228894961,1.783569266,-3.131035836
19.500000,-0.232895809,1.783522392,-3.131019582
19.500000,-0.236898968,1.783478035,-3.131022431
19.500000,-0.240899952,1.783426389,-3.131045460
19.600000,-0.244902287,1.783383325,-3.131050181
19.600000,-0.248902900,1.783333712,-3.131042859
19.600000,-0.252903722,1.783290875,-3.131045614
19.600000,-0.256903897,1.783250264,-3.131034747
19.600000,-0.260904808,1.783205610,-3.131021862
19.700000,-0.264905720,1.783167355,-3.131022009
19.700000,-0.268905633,1.783122972,-3.131013877
19.700000,-0.272905554,1.783081447,-3.131019807
19.700000,-0.276905831,1.783045700,-3.131037445
19.700000,-0.280907085,1.783000552,-3.131035625
19.800000,-0.284907922,1.782965001,-3.131033233
19.800000,-0.288907982,1.782922792,-3.131035815
19.800000,-0.292908097,1.782882834,-3.131053353
19.800000,-0.296908885,1.782842981,-3.130987088
19.800000,-0.300910518,1.782804327,-3.130981291
19.900000,-0.304911114,1.782766827,-3.130958822
19.900000,-0.308913068,1.782730604,-3.130917787
19.900000,-0.312914412,1.782696551,-3.130883386
19.900000,-0.316916273,1.782659461,-3.130897120
19.900000,-0.320917889,1.782620794,-3.130927336
20.000000,-0.324919414,1.782579769,-3.130963197
20.000000,-0.328921052,1.782543707,-3.130927959
20.000000,-0.332921819,1.782503487,-3.130944927
20.000000,-0.336653794,1.781976795,-3.127581762
20.000000,-0.340138108,1.780868394,-3.120197091
20.100000,-0.343777029,1.779794318,-3.113207707
20.100000,-0.347434139,1.778776878,-3.106931828
20.100000,-0.351005819,1.777404993,-3.098088630
20.100000,-0.354722450,1.776359075,-3.092133873
20.100000,-0.358238587,1.774968418,-3.083506813
20.200000,-0.361774023,1.773595093,-3.075349994
20.200000,-0.365446434,1.772288205,-3.067942469
20.200000,-0.369004545,1.770757595,-3.058982388
20.200000,-0.372791184,1.769551343,-3.053046573
20.200000,-0.376339826,1.767901804,-3.043596421
20.300000,-0.380041946,1.766324515,-3.035150628
20.300000,-0.383826931,1.764660295,-3.026337744
20.300000,-0.387617503,1.762862733,-3.016805991
20.300000,-0.391617625,1.761400917,-3.010242398
20.300000,-0.395344816,1.759739653,-3.002095805
20.400000,-0.399094139,1.758073724,-2.994201656
20.400000,-0.402815920,1.756494382,-2.987125000
20.400000,-0.406390097,1.754586939,-2.977659903
20.400000,-0.410230544,1.752969409,-2.970997134
20.400000,-0.413900867,1.751110079,-2.962530706
20.500000,-0.417617110,1.749085331,-2.953123359
20.500000,-0.421425093,1.747282521,-2.945951392
20.500000,-0.425053163,1.745269294,-2.936998551
20.500000,-0.428629170,1.743348272,-2.928956553
20.500000,-0.432217051,1.741339656,-2.920504116
20.600000,-0.435871365,1.739620418,-2.914580072
20.600000,-0.439244152,1.737505287,-2.905381227
20.600000,-0.442910823,1.735787360,-2.899922689
20.600000,-0.446185045,1.733692327,-2.891220754
20.600000,-0.449688539,1.731768382,-2.884433454
20.700000,-0.452840330,1.729612259,-2.875419210
20.700000,-0.456327790,1.727778215,-2.869549814
20.700000,-0.459479512,1.725585722,-2.860659551
20.700000,-0.463009202,1.723779305,-2.855457284
20.700000,-0.466184397,1.721578830,-2.847026087
20.800000,-0.469657639,1.719597089,-2.840886786
20.800000,-0.472859151,1.717430866,-2.833132390
20.800000,-0.476126060,1.715190991,-2.825133146
20.800000,-0.479310263,1.712910705,-2.816902094
20.800000,-0.482582874,1.710585593,-2.808842709
20.900000,-0.485762072,1.708105887,-2.799617848
20.900000,-0.489256133,1.706013827,-2.794184475
20.900000,-0.492368577,1.703560919,-2.785395668
20.900000,-0.495706716,1.701097519,-2.777434013
20.900000,-0.498834373,1.698477335,-2.768013745
21.000000,-0.502265966,1.696132207,-2.761699659
21.000000,-0.505337373,1.693427562,-2.751977725
21.000000,-0.508526862,1.690814540,-2.743539536
21.000000,-0.511811078,1.688225951,-2.735802038
21.000000,-0.514938335,1.685572231,-2.727461395
21.100000,-0.518247352,1.682960389,-2.720007759
21.100000,-0.521537644,1.680482822,-2.713890537
21.100000,-0.524482316,1.677666896,-2.704416574
21.100000,-0.527852204,1.675203594,-2.698855803
21.100000,-0.530734061,1.672436859,-2.690050214
21.200000,-0.533885554,1.669798020,-2.683180038
21.200000,-0.536829434,1.667049472,-2.675015008
21.200000,-0.539830912,1.664191751,-2.666569250
21.200000,-0.542966511,1.661587529,-2.660561528
21.200000,-0.545764111,1.658669777,-2.651483688
21.300000,-0.548809272,1.655953324,-2.644887466
21.300000,-0.551554278,1.652979818,-2.635689565
21.300000,-0.554648716,1.650247483,-2.629674323
21.300000,-0.557465958,1.647343449,-2.621780193
21.300000,-0.560159080,1.644310205,-2.612680800
21.400000,-0.563225462,1.641558361,-2.606981226
21.400000,-0.566001029,1.638652290,-2.599517165
21.400000,-0.568585324,1.635582575,-2.590401628
21.400000,-0.571581135,1.632863073,-2.585259806
21.400000,-0.574246854,1.629989800,-2.578151407
21.500000,-0.577037910,1.627241321,-2.572376673
21.500000,-0.579480142,1.624120774,-2.563058294
21.500000,-0.582226737,1.621156841,-2.556308364
21.500000,-0.584679816,1.617927332,-2.546888137
21.500000,-0.587222697,1.614581949,-2.537423228
21.600000,-0.590056858,1.611429793,-2.530662956
21.600000,-0.592549373,1.608247465,-2.522666428
21.600000,-0.594965299,1.604981687,-2.513868754
21.600000,-0.597694646,1.601999681,-2.508327815
21.600000,-0.599915025,1.598716684,-2.498938959
21.700000,-0.602290674,1.595483766,-2.490792952
21.700000,-0.604666851,1.592215566,-2.482653870
21.700000,-0.606853797,1.588892885,-2.473552570
21.700000,-0.609518049,1.585815257,-2.468265700
21.700000,-0.611819776,1.582655417,-2.461166181
21.800000,-0.614005069,1.579271592,-2.452297333
21.800000,-0.616275363,1.575843836,-2.443943204
21.800000,-0.618580286,1.572361375,-2.435615406
21.800000,-0.620687461,1.568926447,-2.426917458
21.800000,-0.622885485,1.565504950,-2.418907682
21.900000,-0.624861600,1.562054943,-2.409867750
21.900000,-0.627280830,1.558818017,-2.404513002
21.900000,-0.629225775,1.555435767,-2.396199302
21.900000,-0.631369724,1.552043927,-2.389055582
21.900000,-0.633483891,1.548688777,-2.382146880
22.000000,-0.635732061,1.545435935,-2.376550403
22.000000,-0.637488157,1.541975169,-2.367523711
22.000000,-0.639673745,1.538598965,-2.361542402
22.000000,-0.641449672,1.535092537,-2.352850798
22.000000,-0.643566235,1.531621253,-2.346312766
22.100000,-0.645577185,1.528171758,-2.339543990
22.100000,-0.647270145,1.524541007,-2.330294176
22.100000,-0.649354812,1.521038133,-2.324087696
22.100000,-0.650926332,1.517359953,-2.314393669
22.100000,-0.652877336,1.513716281,-2.307238868
22.200000,-0.654933714,1.510211629,-2.301555843
22.200000,-0.656478735,1.506505642,-2.292220507
22.200000,-0.658289552,1.502744891,-2.284363076
22.200000,-0.659867406,1.498911758,-2.275080819
22.200000,-0.661485882,1.495005706,-2.265981632
22.300000,-0.663093991,1.491017537,-2.256699894
22.300000,-0.664708777,1.486974489,-2.247501085
22.300000,-0.666702115,1.483143873,-2.241594727
22.300000,-0.668299127,1.479256640,-2.233529049
22.300000,-0.669682048,1.475281691,-2.223940320
22.400000,-0.671104334,1.471286788,-2.214868505
22.400000,-0.672701116,1.467324574,-2.207257170
22.400000,-0.674337914,1.463474130,-2.200527926
22.400000,-0.675607790,1.459565029,-2.191577530
22.400000,-0.676836325,1.455550756,-2.182150757
22.500000,-0.678477233,1.451734465,-2.176446334
22.500000,-0.679882242,1.447954459,-2.169515620
22.500000,-0.681069902,1.444127876,-2.161309094
22.500000,-0.682568766,1.440424347,-2.155698252
22.500000,-0.683746841,1.436716619,-2.148205112
22.600000,-0.684775937,1.432977427,-2.139917813
22.600000,-0.685931045,1.429156030,-2.132282272
22.600000,-0.686841324,1.425310119,-2.123275281
22.600000,-0.688132203,1.421458540,-2.116950989
22.600000,-0.689056612,1.417582493,-2.108354580
22.700000,-0.690182140,1.413591371,-2.100933314
22.700000,-0.691307557,1.409715683,-2.094043518
22.700000,-0.692056577,1.405689771,-2.084442785
22.700000,-0.692847942,1.401608150,-2.075235049
22.700000,-0.693576697,1.397552135,-2.065936137
22.800000,-0.694264918,1.393514013,-2.056702255
22.800000,-0.694912708,1.389489285,-2.047512700
22.800000,-0.695520881,1.385475674,-2.038361038
22.800000,-0.696090266,1.381472827,-2.029249716
22.800000,-0.696621718,1.377484361,-2.020189820
22.900000,-0.697114116,1.373523584,-2.011219183
22.900000,-0.697565250,1.369609056,-2.002351958
22.900000,-0.697960388,1.365699440,-1.993298193
22.900000,-0.698670259,1.361696270,-1.986420171
22.900000,-0.699275597,1.357726930,-1.979157589
23.000000,-0.699778505,1.353818049,-1.971527179
23.000000,-0.700135000,1.349833456,-1.962831651
23.000000,-0.700428550,1.345852307,-1.954046520
23.000000,-0.700829204,1.341770878,-1.946070472
23.000000,-0.701027057,1.337703947,-1.936821132
23.100000,-0.701666472,1.333563511,-1.930790290
23.100000,-0.702081795,1.329502398,-1.923595374
23.100000,-0.702210186,1.325350035,-1.914329304
23.100000,-0.702361858,1.321211547,-1.905597741
23.100000,-0.702573223,1.317028366,-1.897389914
23.200000,-0.702540092,1.312883203,-1.887754107
23.200000,-0.702493380,1.308612319,-1.878072963
23.200000,-0.702513274,1.304239444,-1.868931572
23.200000,-0.702413835,1.299841463,-1.859145082
23.200000,-0.702871619,1.295534813,-1.853796437
23.300000,-0.702696585,1.291387448,-1.844426740
23.300000,-0.702657407,1.287179714,-1.836240409
23.300000,-0.702412986,1.283091826,-1.827053482
23.300000,-0.702315780,1.278946328,-1.819089985
23.300000,-0.702004449,1.274894275,-1.809925417
23.400000,-0.701805053,1.270732961,-1.801745326
23.400000,-0.701784268,1.266679301,-1.795322846
23.400000,-0.701305939,1.262698398,-1.785738777
23.400000,-0.700851453,1.258586533,-1.776465927
23.400000,-0.700540815,1.254377153,-1.768348128
23.500000,-0.700070585,1.250162110,-1.759286085
23.500000,-0.699862205,1.245973069,-1.752516444
23.500000,-0.699292082,1.241882890,-1.743370852
23.500000,-0.698685444,1.237762596,-1.734174792
23.500000,-0.698386889,1.233594256,-1.727499143
23.600000,-0.697743655,1.229675127,-1.718899992
23.600000,-0.697264866,1.225710695,-1.711445404
23.600000,-0.696526761,1.221813734,-1.702425534
23.600000,-0.695883150,1.217819928,-1.694333198
23.600000,-0.695144715,1.213791116,-1.685689754
23.700000,-0.694617389,1.209737118,-1.678859141
23.700000,-0.693709395,1.205781497,-1.669380199
23.700000,-0.693236030,1.201744772,-1.663497095
23.700000,-0.692307446,1.197931577,-1.654478669
23.700000,-0.691741916,1.193907980,-1.648270582
23.800000,-0.690926769,1.190053158,-1.640590816
23.800000,-0.689996139,1.186099290,-1.632193289
23.800000,-0.689401358,1.182121918,-1.626522480
23.800000,-0.688458203,1.178333706,-1.618415650
23.800000,-0.687558932,1.174409193,-1.610864171
23.900000,-0.686624118,1.170566867,-1.603294374
23.900000,-0.685551863,1.166658636,-1.594894096
23.900000,-0.684799231,1.162684493,-1.588992835
23.900000,-0.683645394,1.158848930,-1.580400815
23.900000,-0.682430561,1.154929361,-1.571571374
24.000000,-0.681141289,1.150993123,-1.562502342
24.000000,-0.680054683,1.147034702,-1.555306659
24.000000,-0.678662732,1.143211222,-1.545877334
24.000000,-0.678172809,1.139227538,-1.543209831
24.000000,-0.678093294,1.135255009,-1.543418692
24.100000,-0.677985783,1.131273310,-1.543384943
24.100000,-0.677882373,1.127288486,-1.543342004
24.100000,-0.677769849,1.123298820,-1.543395753
24.100000,-0.677666800,1.119306920,-1.543376054
24.100000,-0.677559383,1.115313654,-1.543360102
24.200000,-0.677453709,1.111316848,-1.543353197
24.200000,-0.677345004,1.107318125,-1.543310308
24.200000,-0.677232653,1.103319347,-1.543277704
24.200000,-0.677118904,1.099320213,-1.543300140
24.200000,-0.677010794,1.095321925,-1.543307980
24.300000,-0.676907292,1.091323523,-1.543347026
24.300000,-0.676804672,1.087322885,-1.543358205
24.300000,-0.676699706,1.083322824,-1.543352395
24.300000,-0.676598919,1.079321525,-1.543349273
24.300000,-0.676491944,1.075319686,-1.543378573
24.400000,-0.676380456,1.071318878,-1.543390122
24.400000,-0.676272014,1.067318062,-1.543397528
24.400000,-0.676162335,1.063318460,-1.543397813
24.400000,-0.676053116,1.059320234,-1.543399331
24.400000,-0.675944413,1.055320857,-1.543405468
24.500000,-0.675835216,1.051322222,-1.543407843
24.500000,-0.675726397,1.047324298,-1.543412886
24.500000,-0.675617917,1.043325438,-1.543420207
24.500000,-0.675509196,1.039326807,-1.543425589
24.500000,-0.675400392,1.035328230,-1.543430254
24.600000,-0.675291446,1.031329705,-1.543433779
24.600000,-0.675182274,1.027330625,-1.543435621
24.600000,-0.675074654,1.023332537,-1.543448440
24.600000,-0.674966421,1.019332514,-1.543467707
24.600000,-0.674853523,1.015333846,-1.543457260
24.700000,-0.674749126,1.011334221,-1.543446070
24.700000,-0.674637011,1.007334041,-1.543464291
24.700000,-0.674525178,1.003333753,-1.543456557
24.700000,-0.674419245,0.999333218,-1.543441383
24.700000,-0.674317556,0.995333682,-1.543395515
24.800000,-0.674208531,0.991334931,-1.543405464
24.800000,-0.674100202,0.987335283,-1.543415049
24.800000,-0.673993178,0.983336054,-1.543421201
24.800000,-0.673889726,0.979336756,-1.543408359
24.800000,-0.673775010,0.975337176,-1.543383438
24.900000,-0.673659953,0.971336708,-1.543365542
24.900000,-0.673552848,0.967336711,-1.543328991
24.900000,-0.673438850,0.963337159,-1.543326058
24.900000,-0.673330695,0.959336782,-1.543300651
24.900000,-0.673221196,0.955337849,-1.543302992
25.000000,-0.673112431,0.951339336,-1.543314017
25.000000,-0.673005965,0.947340201,-1.543312992
25.000000,-0.672903922,0.943342254,-1.543298484
25.000000,-0.672796826,0.939342664,-1.543302738
25.000000,-0.672688284,0.935342252,-1.543296007
25.100000,-0.672582510,0.931341566,-1.543325727
25.100000,-0.672477683,0.927339936,-1.543320789
25.100000,-0.672369001,0.923338696,-1.543366329
25.100000,-0.672267136,0.919336733,-1.543355634
25.100000,-0.672154795,0.915334966,-1.543361805
25.200000,-0.672042022,0.911333807,-1.543393459
25.200000,-0.671936263,0.907332300,-1.543382568
25.200000,-0.671826099,0.903332228,-1.543379110
25.200000,-0.671717200,0.899332908,-1.543384371
25.200000,-0.671608537,0.895333920,-1.543391417
25.300000,-0.671498304,0.891335185,-1.543387094
25.300000,-0.671390279,0.887336425,-1.543392996
25.300000,-0.671279108,0.883338191,-1.543381659
25.300000,-0.671171567,0.879338878,-1.543396634
25.300000,-0.671061538,0.875340076,-1.543393377
25.400000,-0.670953021,0.871341312,-1.543401050
25.400000,-0.670844301,0.867342666,-1.543407008
25.400000,-0.670735528,0.863344053,-1.543412440
25.400000,-0.670626725,0.859345461,-1.543417510
25.400000,-0.670517905,0.855346881,-1.543422333
25.500000,-0.670409194,0.851348273,-1.543415252
25.500000,-0.670302090,0.847349180,-1.543459342
25.500000,-0.670189601,0.843349137,-1.543382453
25.500000,-0.670083688,0.839348646,-1.543378281
25.500000,-0.669966848,0.835349459,-1.543393532
25.600000,-0.669862032,0.831349689,-1.543401038
25.600000,-0.669758376,0.827350809,-1.543373286
25.600000,-0.669652021,0.823351934,-1.543373096
25.600000,-0.669539018,0.819351829,-1.543366822
25.600000,-0.669426944,0.815350933,-1.543340511
25.700000,-0.669320649,0.811351208,-1.543293456
25.700000,-0.669209529,0.807351297,-1.543282040
25.700000,-0.669101580,0.803350288,-1.543258807
25.700000,-0.668993514,0.799349065,-1.543222965
25.700000,-0.668884709,0.795349130,-1.543197656
25.800000,-0.668780598,0.791349847,-1.543232505
25.800000,-0.668671280,0.787349156,-1.543233076
25.800000,-0.668557421,0.783349285,-1.543232098
25.800000,-0.668447359,0.779350795,-1.543232425
25.800000,-0.668338484,0.775351190,-1.543242056
25.900000,-0.668228302,0.771352335,-1.543243354
25.900000,-0.668118757,0.767354506,-1.543246859
25.900000,-0.668009987,0.763355326,-1.543256778
25.900000,-0.667899843,0.759356696,-1.543257726
25.900000,-0.667790257,0.755358988,-1.543260490
26.000000,-0.667681332,0.751359864,-1.543268952
26.000000,-0.667571170,0.747361272,-1.543269287
26.000000,-0.667461347,0.743363615,-1.543270101
26.000000,-0.667352356,0.739365363,-1.543277853
26.000000,-0.667248159,0.735364999,-1.543277051
26.100000,-0.667145516,0.731364451,-1.543268326
26.100000,-0.667042192,0.727362790,-1.543282142
26.100000,-0.666932732,0.723361968,-1.543310984
26.100000,-0.666824804,0.719360616,-1.543288593
26.100000,-0.666715579,0.715360574,-1.543294555
26.200000,-0.666607468,0.711360906,-1.543299595
26.200000,-0.666497887,0.707362210,-1.543319199
26.200000,-0.666393969,0.703361128,-1.543253253
26.200000,-0.666286620,0.699360438,-1.543243783
26.200000,-0.666181798,0.695360471,-1.543209142
26.300000,-0.666074105,0.691361794,-1.543207854
26.300000,-0.665965477,0.687362389,-1.543220134
26.300000,-0.665856892,0.683363232,-1.543224806
26.300000,-0.665746901,0.679363148,-1.543233698
26.300000,-0.665637590,0.675364205,-1.543225336
26.400000,-0.665534494,0.671365098,-1.543228438
26.400000,-0.665423878,0.667364858,-1.543245266
26.400000,-0.665313460,0.663365620,-1.543232391
26.400000,-0.665201747,0.659366304,-1.543243300
26.400000,-0.665085931,0.655366195,-1.543228499
26.500000,-0.664979955,0.651367674,-1.543190303
26.500000,-0.664868373,0.647367817,-1.543173539
26.500000,-0.664759434,0.643368636,-1.543133008
26.500000,-0.664647315,0.639369452,-1.543087279
26.500000,-0.664537231,0.635369754,-1.543059850
26.600000,-0.664428174,0.631368719,-1.543090277
26.600000,-0.664314786,0.627366816,-1.543052763
26.600000,-0.664207118,0.623366352,-1.543041194
26.600000,-0.664095692,0.619366993,-1.543038451
26.600000,-0.663985696,0.615368125,-1.543045385
26.700000,-0.663876056,0.611369373,-1.543055225
26.700000,-0.663764922,0.607370786,-1.543054016
26.700000,-0.663655073,0.603372323,-1.543061534
26.700000,-0.663545492,0.599373790,-1.543071293
26.700000,-0.663435128,0.595375050,-1.543067739
26.800000,-0.663330978,0.591376082,-1.543073518
26.800000,-0.663216533,0.587375971,-1.543083742
26.800000,-0.663105407,0.583375960,-1.543081474
26.800000,-0.662994789,0.579377703,-1.543082108
26.800000,-0.662884368,0.575378816,-1.543085017
26.900000,-0.662775066,0.571379110,-1.543096300
26.900000,-0.662664076,0.567380740,-1.543095444
26.900000,-0.662554516,0.563382996,-1.543102938
26.900000,-0.662444653,0.559384142,-1.543109263
26.900000,-0.662334677,0.555385539,-1.543114635
27.000000,-0.662224680,0.551386967,-1.543119715
27.000000,-0.662114649,0.547388411,-1.543124430
27.000000,-0.662004870,0.543388399,-1.543143194
27.000000,-0.661887729,0.539390456,-1.543129482
27.000000,-0.661785398,0.535390329,-1.543113348
27.100000,-0.661674669,0.531390136,-1.543078840
27.100000,-0.661567067,0.527390708,-1.543056487
27.100000,-0.661450046,0.523391115,-1.543109491
27.100000,-0.661341808,0.519392024,-1.543097263
27.100000,-0.661238667,0.515392797,-1.543056674
27.200000,-0.661128553,0.511393940,-1.543053725
27.200000,-0.661012466,0.507393604,-1.543070032
27.200000,-0.660902114,0.503393504,-1.543035881
27.200000,-0.660794086,0.499392923,-1.543000002
27.200000,-0.660681522,0.495392141,-1.542980630
27.300000,-0.660571730,0.491392958,-1.542927688
27.300000,-0.660455501,0.487393026,-1.542914362
27.300000,-0.660339320,0.483393105,-1.542948214
27.300000,-0.660228383,0.479393097,-1.542939490
27.300000,-0.660110613,0.475393621,-1.542934701
27.400000,-0.660001668,0.471393643,-1.542903670
27.400000,-0.659890922,0.467393919,-1.542910233
27.400000,-0.659780688,0.463394742,-1.542919724
27.400000,-0.659668920,0.459395916,-1.542918066
27.400000,-0.659558454,0.455397326,-1.542925021
27.500000,-0.659448286,0.451398735,-1.542934471
27.500000,-0.659336584,0.447400238,-1.542932581
27.500000,-0.659226091,0.443401830,-1.542938967
27.500000,-0.659115842,0.439403333,-1.542947390
27.500000,-0.659004086,0.435404869,-1.542944674
27.600000,-0.658893374,0.431406521,-1.542949213
27.600000,-0.658785079,0.427407579,-1.542956021
27.600000,-0.658677745,0.423408659,-1.542974880
27.600000,-0.658564326,0.419410012,-1.542957230
27.600000,-0.658453933,0.415411583,-1.542963850
27.700000,-0.658352917,0.411412800,-1.542969624
27.700000,-0.658242133,0.407412612,-1.542999446
27.700000,-0.658134810,0.403411841,-1.542954893
27.700000,-0.658022832,0.399410318,-1.542951993
27.700000,-0.657916994,0.395408229,-1.542900516
27.800000,-0.657807970,0.391409025,-1.542883021
27.800000,-0.657697276,0.387408999,-1.542890172
27.800000,-0.657586632,0.383409150,-1.542896757
27.800000,-0.657476684,0.379409510,-1.542905570
27.800000,-0.657366688,0.375409703,-1.542904203
27.900000,-0.657261807,0.371410787,-1.542872718
27.900000,-0.657153018,0.367411866,-1.542859025
27.900000,-0.657042552,0.363412809,-1.542868219
27.900000,-0.656931739,0.359413477,-1.542871958
27.900000,-0.656813844,0.355415606,-1.542865070
28.000000,-0.656708115,0.351416082,-1.542876535
28.000000,-0.656592668,0.347416542,-1.542874412
28.000000,-0.656480112,0.343416405,-1.542851587
28.000000,-0.655880089,0.339739792,-1.539469883
28.000000,-0.654597038,0.336368171,-1.531194175
28.100000,-0.653575981,0.332692190,-1.525125426
28.100000,-0.652209438,0.329294885,-1.516710139
28.100000,-0.651022789,0.325696481,-1.509881288
28.100000,-0.649596278,0.322170054,-1.501299643
28.100000,-0.648215463,0.318596387,-1.493414283
28.200000,-0.646856145,0.314898811,-1.485951789
28.200000,-0.645268324,0.311287424,-1.476928878
28.200000,-0.644023258,0.307434370,-1.470800034
28.200000,-0.642524107,0.303858617,-1.462911315
28.200000,-0.641045416,0.300110383,-1.455440965
28.300000,-0.639493630,0.296466145,-1.447628382
28.300000,-0.637903276,0.292744071,-1.439722694
28.300000,-0.636443050,0.289133031,-1.433027029
28.300000,-0.634740931,0.285604588,-1.424564016
28.300000,-0.633006181,0.282123098,-1.416050469
28.400000,-0.631302782,0.278504981,-1.408179518
28.400000,-0.629403372,0.274992305,-1.398932811
28.400000,-0.627516358,0.271354910,-1.390226451
28.400000,-0.625757667,0.267558240,-1.382988249
28.400000,-0.623756255,0.263994090,-1.373808167
28.500000,-0.621872675,0.260323650,-1.365956622
28.500000,-0.619778570,0.256827217,-1.356498094
28.500000,-0.618056770,0.253123869,-1.350414438
28.500000,-0.615899016,0.249675213,-1.340859832
28.500000,-0.614035102,0.245957092,-1.334223002
28.600000,-0.611773312,0.242489065,-1.324384101
28.600000,-0.609855789,0.238766032,-1.317740709
28.600000,-0.607584547,0.235375926,-1.308258505
28.600000,-0.605713930,0.231630188,-1.302613769
28.600000,-0.603444354,0.228324118,-1.293436046
28.700000,-0.601468539,0.224659415,-1.287200267
28.700000,-0.599368476,0.221262206,-1.279844286
28.700000,-0.597157900,0.217882853,-1.271786645
28.700000,-0.595111714,0.214460297,-1.265331827
28.700000,-0.592866519,0.211168454,-1.257226556
28.800000,-0.590802221,0.207825366,-1.250888628
28.800000,-0.588499003,0.204641371,-1.242525229
28.800000,-0.586081459,0.201525446,-1.233441557
28.800000,-0.583745858,0.198286729,-1.225504788
28.800000,-0.581381330,0.194989433,-1.217747677
28.900000,-0.579102875,0.191714565,-1.210927289
28.900000,-0.576657436,0.188565003,-1.202664954
28.900000,-0.574464775,0.185256284,-1.196948358
28.900000,-0.571891852,0.182250028,-1.187731572
28.900000,-0.569320137,0.179074374,-1.179354967
29.000000,-0.566788345,0.175765428,-1.171877071
29.000000,-0.564267481,0.172537642,-1.164444926
29.000000,-0.561553128,0.169493506,-1.155378999
29.000000,-0.559015228,0.166283109,-1.148314095
29.000000,-0.556218448,0.163207733,-1.139195634
29.100000,-0.553717634,0.159907985,-1.133162343
29.100000,-0.550951075,0.156943233,-1.124317111
29.100000,-0.548178958,0.153843707,-1.116164914
29.100000,-0.545291920,0.150969595,-1.106782054
29.100000,-0.542621040,0.147820321,-1.099982663
29.200000,-0.539638737,0.144957974,-1.090359480
29.200000,-0.536742972,0.141923098,-1.082356088
29.200000,-0.533773762,0.138948916,-1.073705400
29.200000,-0.530907739,0.135983550,-1.066086129
29.200000,-0.527907617,0.133058150,-1.057600935
29.300000,-0.524980342,0.130159598,-1.049769924
29.300000,-0.521977581,0.127238490,-1.041718957
29.300000,-0.519024642,0.124466837,-1.033741940
29.300000,-0.516079596,0.121600363,-1.026307050
29.300000,-0.513258374,0.118750032,-1.019875120
29.400000,-0.510193667,0.116117387,-1.011214306
29.400000,-0.507410372,0.113193169,-1.005688741
29.400000,-0.504302804,0.110734758,-0.996484660
29.400000,-0.501435115,0.107873695,-0.990505204
29.400000,-0.498397024,0.105436495,-0.982058728
29.500000,-0.495387866,0.102797151,-0.974774818
29.500000,-0.492499614,0.100119829,-0.968727798
29.500000,-0.489304181,0.097768456,-0.959523168
29.500000,-0.486374448,0.095044817,-0.953774131
29.500000,-0.483257539,0.092694931,-0.945477301
29.600000,-0.480187910,0.090111665,-0.938706731
29.600000,-0.477213418,0.087713717,-0.931919483
29.600000,-0.474180415,0.085476672,-0.924180874
29.600000,-0.471167474,0.083025320,-0.917648125
29.600000,-0.468150204,0.080648496,-0.911168882
29.700000,-0.464880382,0.078455291,-0.902394896
29.700000,-0.461718657,0.076193727,-0.894975923
29.700000,-0.458482397,0.073940694,-0.887224260
29.700000,-0.455350845,0.071616067,-0.880591030
29.700000,-0.451916599,0.069531228,-0.871216445
29.800000,-0.448678720,0.067036873,-0.865273933
29.800000,-0.445208979,0.065010078,-0.855853224
29.800000,-0.441815111,0.062603671,-0.849023479
29.800000,-0.438307590,0.060632841,-0.839651402
29.800000,-0.434952832,0.058210189,-0.833629773
29.900000,-0.431593284,0.055987010,-0.826747507
29.900000,-0.428024204,0.054052449,-0.817468278
29.900000,-0.424617697,0.051712202,-0.811473364
29.900000,-0.421189107,0.049581617,-0.804383150
29.900000,-0.417661724,0.047681488,-0.795781876
30.000000,-0.414038632,0.045633671,-0.787669589
30.000000,-0.410371534,0.043743292,-0.778751931
30.000000,-0.406679792,0.041687261,-0.770828435
30.000000,-0.402970202,0.039918467,-0.761528789
30.000000,-0.399195155,0.038097952,-0.752490520
30.100000,-0.395411092,0.036066767,-0.744864908
30.100000,-0.391734952,0.034003711,-0.738106886
30.100000,-0.387926944,0.032370227,-0.728568210
30.100000,-0.384174121,0.030626168,-0.720252404
30.100000,-0.380456350,0.028831731,-0.712501782
30.200000,-0.376820245,0.026979474,-0.705797045
30.200000,-0.373002940,0.025487129,-0.696336603
30.200000,-0.369255567,0.023817036,-0.688570889
30.200000,-0.365484845,0.022247388,-0.680279771
30.200000,-0.361867919,0.020441834,-0.674437149
30.300000,-0.358091010,0.019126913,-0.664986180
30.300000,-0.354297670,0.017492577,-0.657644477
30.300000,-0.350435619,0.016235365,-0.648001372
30.300000,-0.346699629,0.014495858,-0.642211405
30.300000,-0.342930225,0.013191426,-0.633634659
30.400000,-0.339008785,0.011893332,-0.624618845
30.400000,-0.335265637,0.010161275,-0.619365751
30.400000,-0.331517338,0.008794450,-0.611992922
30.400000,-0.327659992,0.007673466,-0.602825543
30.400000,-0.323814041,0.006447182,-0.594637041
30.500000,-0.319907838,0.005236312,-0.586291476
30.500000,-0.316062620,0.004140608,-0.577807444
30.500000,-0.312183716,0.002861128,-0.570526594
30.500000,-0.308387994,0.001625258,-0.563678516
30.500000,-0.304491276,0.000622630,-0.554987883
30.600000,-0.300628897,-0.000437315,-0.547066028
30.600000,-0.296718072,-0.001401873,-0.538476728
30.600000,-0.292877116,-0.002343859,-0.530336823
30.600000,-0.289007243,-0.003432570,-0.523252294
30.600000,-0.285242445,-0.004483822,-0.516657335
30.700000,-0.281505297,-0.005274257,-0.508544572
30.700000,-0.277676630,-0.005980456,-0.499781459
30.700000,-0.273831874,-0.006654012,-0.490971508
30.700000,-0.269975499,-0.007296041,-0.482157650
30.700000,-0.266108638,-0.007904801,-0.473329992
30.800000,-0.262231842,-0.008480351,-0.464494367
30.800000,-0.258345518,-0.009022373,-0.455651377
30.800000,-0.254453570,-0.009530624,-0.446811426
30.800000,-0.250566124,-0.010004673,-0.438004563
30.800000,-0.246700766,-0.010442783,-0.429257554
30.900000,-0.242787495,-0.010827873,-0.420160430
30.900000,-0.238787461,-0.011428153,-0.412591433
30.900000,-0.234773815,-0.011725402,-0.403084735
30.900000,-0.230701101,-0.012555798,-0.397408558
30.900000,-0.226681125,-0.013046112,-0.389764620
31.000000,-0.222564746,-0.013292314,-0.380315024
31.000000,-0.218477150,-0.014028441,-0.374575605
31.000000,-0.214419149,-0.014394981,-0.366530066
31.000000,-0.210249012,-0.014630002,-0.357571122
31.000000,-0.206142131,-0.015266518,-0.351767693
31.100000,-0.202163153,-0.015492939,-0.343739114
31.100000,-0.198104877,-0.015706898,-0.335562590
31.100000,-0.194075182,-0.016141278,-0.329185321
31.100000,-0.190063135,-0.016138765,-0.320039609
31.100000,-0.185919081,-0.016125243,-0.310782167
31.200000,-0.181713948,-0.016366942,-0.303483126
31.200000,-0.177644070,-0.016661246,-0.296978247
31.200000,-0.173581740,-0.016564535,-0.287907121
31.200000,-0.169551191,-0.016910175,-0.282350181
31.200000,-0.165624327,-0.016940036,-0.274900395
31.300000,-0.161634883,-0.016807844,-0.266333602
31.300000,-0.157681142,-0.017061963,-0.260847279
31.300000,-0.153857915,-0.016815943,-0.252226016
31.300000,-0.149933919,-0.016941991,-0.246419310
31.300000,-0.146186426,-0.016638256,-0.237978484
31.400000,-0.142397863,-0.016555286,-0.231280039
31.400000,-0.138588967,-0.016141600,-0.222187523
31.400000,-0.134633983,-0.016140078,-0.216216620
31.400000,-0.130763536,-0.015815320,-0.208152987
31.400000,-0.126783259,-0.015454612,-0.199845641
31.500000,-0.122819871,-0.014941694,-0.190745824
31.500000,-0.118670600,-0.014748190,-0.183955376
31.500000,-0.114688781,-0.014393509,-0.176497843
31.500000,-0.110719229,-0.013974884,-0.168700428
31.500000,-0.106844384,-0.013300783,-0.159374716
31.600000,-0.102794820,-0.013006448,-0.152949097
31.600000,-0.098856723,-0.012255553,-0.143457670
31.600000,-0.094730668,-0.011952911,-0.137374588
31.600000,-0.090851019,-0.011210419,-0.128477970
31.600000,-0.086836785,-0.010667464,-0.121123634
31.700000,-0.082863416,-0.010220718,-0.114730119
31.700000,-0.078902178,-0.009355524,-0.105426456
31.700000,-0.074803663,-0.009016315,-0.100177201
31.700000,-0.070892387,-0.008119987,-0.091078819
31.700000,-0.066817651,-0.007479996,-0.084150458
31.800000,-0.063000725,-0.006545257,-0.075491180
31.800000,-0.058980326,-0.005731706,-0.067655364
31.800000,-0.055100538,-0.004701244,-0.058589252
31.800000,-0.051111397,-0.003699960,-0.049935299
31.800000,-0.047034403,-0.002542597,-0.040349347
31.900000,-0.042791633,-0.001489673,-0.031854150
31.900000,-0.038593449,-0.000801501,-0.026237671
31.900000,-0.034689328,0.000447178,-0.016870914
31.900000,-0.030648677,0.001299709,-0.010650800
31.900000,-0.026807863,0.002582607,-0.001340527
32.000000,-0.022766900,0.003637923,0.006035309
32.000000,-0.018927169,0.004997994,0.015490051
32.000000,-0.015386457,0.005660658,0.019767097
32.000000,-0.012683840,0.005698422,0.019717276
32.000000,-0.010970244,0.005732123,0.019713805
32.100000,-0.010008950,0.005751078,0.019713585
32.100000,-0.009467021,0.005761767,0.019713452
32.100000,-0.009160406,0.005767821,0.019713402
32.100000,-0.008986447,0.005771259,0.019713378
32.100000,-0.008887542,0.005773216,0.019713361
32.200000,-0.008831209,0.005774333,0.019713344
32.200000,-0.008799082,0.005774972,0.019713326
32.200000,-0.008780743,0.005775338,0.019713307
32.200000,-0.008770267,0.005775548,0.019713287
32.200000,-0.008764279,0.005775670,0.019713266
32.300000,-0.008760854,0.005775741,0.019713246
32.300000,-0.008758892,0.005775783,0.019713225
32.300000,-0.008757768,0.005775809,0.019713204
32.300000,-0.008757121,0.005775825,0.019713183
32.300000,-0.008756747,0.005775835,0.019713162
32.400000,-0.008756529,0.005775843,0.019713142
32.400000,-0.008756401,0.005775849,0.019713122
32.400000,-0.008756323,0.005775853,0.019713101
32.400000,-0.008756274,0.005775857,0.019713081
32.400000,-0.008756241,0.005775861,0.019713061
32.500000,-0.008756218,0.005775864,0.019713041
32.500000,-0.008756200,0.005775868,0.019713022
32.500000,-0.008756185,0.005775871,0.019713002
32.500000,-0.008756171,0.005775874,0.019712982
32.500000,-0.008756158,0.005775877,0.019712963
