run,odom_position_error,odom_heading_error_deg,truth_position_error,truth_heading_error_deg
1,1.515164106,76.179475505,0.010310393,1.169415569
2,1.485648108,75.340377611,0.013252262,0.512421023
3,1.480495706,74.163420151,0.019354130,2.917260622
4,1.466649006,74.120911657,0.034422224,3.052897609
5,1.482146099,74.315544274,0.015122478,1.613489258
6,1.468532645,74.592596756,0.051404953,2.078303962
7,1.478680735,74.433639814,0.076792582,1.537073075
8,1.478923073,74.355618213,0.014294086,0.302301356
9,1.521494017,76.754848546,0.036929923,2.708889451
10,1.482849852,74.964239642,0.017667067,0.839634928
